metric,model_a,model_b,mean_a,mean_b,t_statistic,p_value
cv_auc,Support Vector Machine (SVM),Logistic Regression,0.9954242561980436,0.9936164855809242,6.589287384827587,0.0027472100080552556
cv_auc,Support Vector Machine (SVM),LightGBM,0.9954242561980436,0.9925682982004072,12.222623194066902,0.00025725123471834313
cv_auc,Logistic Regression,LightGBM,0.9936164855809242,0.9925682982004072,2.4354156419080137,0.07156140868341045
cv_f1_macro,Logistic Regression,Support Vector Machine (SVM),0.9139401625071659,0.9126571961665928,0.842241556949004,0.447064941006338
cv_f1_macro,Logistic Regression,Calibrated SVM,0.9139401625071659,0.9066023350981759,9.772208073405636,0.000614404338790045
cv_f1_macro,Support Vector Machine (SVM),Calibrated SVM,0.9126571961665928,0.9066023350981759,4.217544553898407,0.013504154567102623
